-- phpMyAdmin SQL Dump
-- version 4.9.2
-- https://www.phpmyadmin.net/
--
-- Host: 127.0.0.1:3306
-- Generation Time: Feb 07, 2021 at 04:45 PM
-- Server version: 5.7.28
-- PHP Version: 7.2.25

SET SQL_MODE = "NO_AUTO_VALUE_ON_ZERO";
SET AUTOCOMMIT = 0;
START TRANSACTION;
SET time_zone = "+00:00";


/*!40101 SET @OLD_CHARACTER_SET_CLIENT=@@CHARACTER_SET_CLIENT */;
/*!40101 SET @OLD_CHARACTER_SET_RESULTS=@@CHARACTER_SET_RESULTS */;
/*!40101 SET @OLD_COLLATION_CONNECTION=@@COLLATION_CONNECTION */;
/*!40101 SET NAMES utf8mb4 */;

--
-- Database: `escalon`
--

-- --------------------------------------------------------

--
-- Table structure for table `swdh_catagories`
--

DROP TABLE IF EXISTS `swdh_catagories`;
CREATE TABLE IF NOT EXISTS `swdh_catagories` (
  `id` int(11) NOT NULL AUTO_INCREMENT,
  `name` varchar(255) NOT NULL,
  `status` tinyint(1) NOT NULL DEFAULT '1',
  `time_updated` timestamp NOT NULL DEFAULT CURRENT_TIMESTAMP ON UPDATE CURRENT_TIMESTAMP,
  PRIMARY KEY (`id`)
) ENGINE=MyISAM AUTO_INCREMENT=5 DEFAULT CHARSET=latin1;

--
-- Dumping data for table `swdh_catagories`
--

INSERT INTO `swdh_catagories` (`id`, `name`, `status`, `time_updated`) VALUES
(1, 'Scripting language', 1, '2021-02-07 04:49:31'),
(2, 'Other language', 1, '2021-02-07 04:49:31'),
(3, 'Database', 1, '2021-02-07 04:49:31'),
(4, 'Personal Skills', 1, '2021-02-07 04:49:31');

-- --------------------------------------------------------

--
-- Table structure for table `swdh_es_sessions`
--

DROP TABLE IF EXISTS `swdh_es_sessions`;
CREATE TABLE IF NOT EXISTS `swdh_es_sessions` (
  `id` varchar(128) NOT NULL,
  `ip_address` varchar(45) NOT NULL,
  `timestamp` int(10) UNSIGNED NOT NULL DEFAULT '0',
  `data` blob NOT NULL,
  KEY `ci_sessions_timestamp` (`timestamp`)
) ENGINE=MyISAM DEFAULT CHARSET=latin1;

--
-- Dumping data for table `swdh_es_sessions`
--

INSERT INTO `swdh_es_sessions` (`id`, `ip_address`, `timestamp`, `data`) VALUES
('1i7vjr4uev4vcun09poj2hsh25fo93mb', '127.0.0.1', 1612713053, 0x5f5f63695f6c6173745f726567656e65726174657c693a313631323731333035333b6361706368615f776f72647c693a35333630353b757365727c4f3a383a22737464436c617373223a323a7b733a323a226964223b733a313a2231223b733a393a22757365725f6e616d65223b733a373a22657363616c6f6e223b7d),
('49irjjdjhemno9qhn1tj0i8k5d8kdi5s', '127.0.0.1', 1612712748, 0x5f5f63695f6c6173745f726567656e65726174657c693a313631323731323734383b6361706368615f776f72647c693a35333630353b757365727c4f3a383a22737464436c617373223a323a7b733a323a226964223b733a313a2231223b733a393a22757365725f6e616d65223b733a373a22657363616c6f6e223b7d),
('9k86kuglocaq4a2i4mp1ulotc25pfga1', '127.0.0.1', 1612712076, 0x5f5f63695f6c6173745f726567656e65726174657c693a313631323731323037363b6361706368615f776f72647c693a35333630353b757365727c4f3a383a22737464436c617373223a323a7b733a323a226964223b733a313a2231223b733a393a22757365725f6e616d65223b733a373a22657363616c6f6e223b7d),
('75c2gndh9th4ui8jp5ettn4umie3e16d', '127.0.0.1', 1612711744, 0x5f5f63695f6c6173745f726567656e65726174657c693a313631323731313734343b6361706368615f776f72647c693a35333630353b757365727c4f3a383a22737464436c617373223a323a7b733a323a226964223b733a313a2231223b733a393a22757365725f6e616d65223b733a373a22657363616c6f6e223b7d),
('ok04osmlf96a1131scusn4jg9vjq7ko5', '127.0.0.1', 1612711273, 0x5f5f63695f6c6173745f726567656e65726174657c693a313631323731313237333b6361706368615f776f72647c693a35333630353b757365727c4f3a383a22737464436c617373223a323a7b733a323a226964223b733a313a2231223b733a393a22757365725f6e616d65223b733a373a22657363616c6f6e223b7d),
('2udivds825llcg9fccej3ptqqlqpncl3', '127.0.0.1', 1612710617, 0x5f5f63695f6c6173745f726567656e65726174657c693a313631323731303631373b6361706368615f776f72647c693a35333630353b757365727c4f3a383a22737464436c617373223a323a7b733a323a226964223b733a313a2231223b733a393a22757365725f6e616d65223b733a373a22657363616c6f6e223b7d),
('jgkgkbq15l147sn9jbqhalgmht48lt2j', '127.0.0.1', 1612710275, 0x5f5f63695f6c6173745f726567656e65726174657c693a313631323731303237353b6361706368615f776f72647c693a35333630353b757365727c4f3a383a22737464436c617373223a323a7b733a323a226964223b733a313a2231223b733a393a22757365725f6e616d65223b733a373a22657363616c6f6e223b7d),
('m87db1cnr84te08ninjno1onprg88g0b', '127.0.0.1', 1612709907, 0x5f5f63695f6c6173745f726567656e65726174657c693a313631323730393930373b6361706368615f776f72647c693a35333630353b757365727c4f3a383a22737464436c617373223a323a7b733a323a226964223b733a313a2231223b733a393a22757365725f6e616d65223b733a373a22657363616c6f6e223b7d),
('q61ucsl3av6a83keum51qh8e8g55ur60', '127.0.0.1', 1612709543, 0x5f5f63695f6c6173745f726567656e65726174657c693a313631323730393534333b6361706368615f776f72647c693a35333630353b757365727c4f3a383a22737464436c617373223a323a7b733a323a226964223b733a313a2231223b733a393a22757365725f6e616d65223b733a373a22657363616c6f6e223b7d),
('n2n4qhfj7r8mu0cg0dmfajv2bbuq7jin', '127.0.0.1', 1612709240, 0x5f5f63695f6c6173745f726567656e65726174657c693a313631323730393234303b6361706368615f776f72647c693a35333630353b757365727c4f3a383a22737464436c617373223a323a7b733a323a226964223b733a313a2231223b733a393a22757365725f6e616d65223b733a373a22657363616c6f6e223b7d),
('6mrc918koo4fndqclnuqgeppmoqbr5u9', '127.0.0.1', 1612708839, 0x5f5f63695f6c6173745f726567656e65726174657c693a313631323730383833393b6361706368615f776f72647c693a35333630353b757365727c4f3a383a22737464436c617373223a323a7b733a323a226964223b733a313a2231223b733a393a22757365725f6e616d65223b733a373a22657363616c6f6e223b7d),
('msiqvhl4p3nrorvmc64ob6tmv8kub4n5', '127.0.0.1', 1612708464, 0x5f5f63695f6c6173745f726567656e65726174657c693a313631323730383436343b6361706368615f776f72647c693a34383139363b757365727c4f3a383a22737464436c617373223a323a7b733a323a226964223b733a313a2231223b733a393a22757365725f6e616d65223b733a373a22657363616c6f6e223b7d),
('4293csrkc65gnes7frj043c498dhnuiq', '127.0.0.1', 1612708018, 0x5f5f63695f6c6173745f726567656e65726174657c693a313631323730383031383b6361706368615f776f72647c693a39313439313b757365727c4f3a383a22737464436c617373223a323a7b733a323a226964223b733a313a2231223b733a393a22757365725f6e616d65223b733a373a22657363616c6f6e223b7d),
('fbg645ahr9l3begok981cu5g400rmcpg', '127.0.0.1', 1612707559, 0x5f5f63695f6c6173745f726567656e65726174657c693a313631323730373535393b6361706368615f776f72647c693a35383738353b757365727c4f3a383a22737464436c617373223a323a7b733a323a226964223b733a313a2231223b733a393a22757365725f6e616d65223b733a373a22657363616c6f6e223b7d),
('irip9v9cbg8r7c62mog4isrtt78q7a09', '127.0.0.1', 1612702428, 0x5f5f63695f6c6173745f726567656e65726174657c693a313631323730323432383b6361706368615f776f72647c693a36353935373b757365727c4f3a383a22737464436c617373223a323a7b733a323a226964223b733a313a2231223b733a393a22757365725f6e616d65223b733a373a22657363616c6f6e223b7d),
('avj8to5su9ctnqpittn5i2elb35qd6ov', '127.0.0.1', 1612701229, 0x5f5f63695f6c6173745f726567656e65726174657c693a313631323730313232393b6361706368615f776f72647c693a36303739333b757365727c4f3a383a22737464436c617373223a323a7b733a323a226964223b733a313a2231223b733a393a22757365725f6e616d65223b733a373a22657363616c6f6e223b7d),
('r043m8ek689rfa5t8q6v7sf2tsjr41uv', '127.0.0.1', 1612699381, 0x5f5f63695f6c6173745f726567656e65726174657c693a313631323639393338313b6361706368615f776f72647c693a36303739333b757365727c4f3a383a22737464436c617373223a323a7b733a323a226964223b733a313a2231223b733a393a22757365725f6e616d65223b733a373a22657363616c6f6e223b7d),
('e9nvseumqf3dikl3rcp060l00n00qnoj', '127.0.0.1', 1612698849, 0x5f5f63695f6c6173745f726567656e65726174657c693a313631323639383834393b6361706368615f776f72647c693a32343138323b757365727c4f3a383a22737464436c617373223a323a7b733a323a226964223b733a313a2231223b733a393a22757365725f6e616d65223b733a373a22657363616c6f6e223b7d),
('bingh54p7r3ukhr0a1mu5v5hnbfql4s4', '127.0.0.1', 1612698138, 0x5f5f63695f6c6173745f726567656e65726174657c693a313631323639383133383b6361706368615f776f72647c693a39303931373b757365727c4f3a383a22737464436c617373223a323a7b733a323a226964223b733a313a2231223b733a393a22757365725f6e616d65223b733a373a22657363616c6f6e223b7d),
('cr2qs98gqb03he819iiit7r202mrlvq9', '127.0.0.1', 1612697674, 0x5f5f63695f6c6173745f726567656e65726174657c693a313631323639373637343b6361706368615f776f72647c693a31363939323b757365727c4f3a383a22737464436c617373223a323a7b733a323a226964223b733a313a2231223b733a393a22757365725f6e616d65223b733a373a22657363616c6f6e223b7d),
('gtah4i2rsddd1k2bac7jmlvbe1jdkges', '127.0.0.1', 1612695283, 0x5f5f63695f6c6173745f726567656e65726174657c693a313631323639353238333b6361706368615f776f72647c693a39363939393b757365727c4f3a383a22737464436c617373223a323a7b733a323a226964223b733a313a2231223b733a393a22757365725f6e616d65223b733a373a22657363616c6f6e223b7d),
('cjanud0n07lrsd2a63r82e95p573oj96', '127.0.0.1', 1612693506, 0x5f5f63695f6c6173745f726567656e65726174657c693a313631323639333530363b6361706368615f776f72647c693a34343034323b757365727c4f3a383a22737464436c617373223a323a7b733a323a226964223b733a313a2231223b733a393a22757365725f6e616d65223b733a373a22657363616c6f6e223b7d),
('duqqj8giqb787o95stu6ivrout0uh69c', '127.0.0.1', 1612693161, 0x5f5f63695f6c6173745f726567656e65726174657c693a313631323639333136313b6361706368615f776f72647c693a32343038313b757365727c4f3a383a22737464436c617373223a323a7b733a323a226964223b733a313a2231223b733a393a22757365725f6e616d65223b733a373a22657363616c6f6e223b7d),
('o9lnjci1ieh7q5o85n6hrt7kk2sv95pb', '127.0.0.1', 1612692611, 0x5f5f63695f6c6173745f726567656e65726174657c693a313631323639323631313b6361706368615f776f72647c693a39343232313b757365727c4f3a383a22737464436c617373223a323a7b733a323a226964223b733a313a2231223b733a393a22757365725f6e616d65223b733a373a22657363616c6f6e223b7d),
('3lmngof1nn8f59i8vf680fr0uhrdtp4q', '127.0.0.1', 1612692302, 0x5f5f63695f6c6173745f726567656e65726174657c693a313631323639323330323b6361706368615f776f72647c693a36333931323b757365727c4f3a383a22737464436c617373223a323a7b733a323a226964223b733a313a2231223b733a393a22757365725f6e616d65223b733a373a22657363616c6f6e223b7d),
('vuom1mb573tbvqoes98c4bpnvsq2ljt7', '127.0.0.1', 1612691482, 0x5f5f63695f6c6173745f726567656e65726174657c693a313631323639313438323b6361706368615f776f72647c693a34343235323b757365727c4f3a383a22737464436c617373223a323a7b733a323a226964223b733a313a2231223b733a393a22757365725f6e616d65223b733a373a22657363616c6f6e223b7d),
('8r282324s6tkkijmjovk2cjmvc3m4hc8', '127.0.0.1', 1612689132, 0x5f5f63695f6c6173745f726567656e65726174657c693a313631323638393133323b6361706368615f776f72647c693a36373138333b757365727c4f3a383a22737464436c617373223a323a7b733a323a226964223b733a313a2231223b733a393a22757365725f6e616d65223b733a373a22657363616c6f6e223b7d),
('esnvh5ak7tp957ol96bsta4gt30afs9l', '127.0.0.1', 1612688290, 0x5f5f63695f6c6173745f726567656e65726174657c693a313631323638383239303b6361706368615f776f72647c693a31313330353b757365727c4f3a383a22737464436c617373223a323a7b733a323a226964223b733a313a2231223b733a393a22757365725f6e616d65223b733a373a22657363616c6f6e223b7d),
('jh1v5cb8srumogu5d6mcucmsgd5sknrs', '127.0.0.1', 1612687927, 0x5f5f63695f6c6173745f726567656e65726174657c693a313631323638373932373b6361706368615f776f72647c693a38363634343b757365727c4f3a383a22737464436c617373223a323a7b733a323a226964223b733a313a2231223b733a393a22757365725f6e616d65223b733a373a22657363616c6f6e223b7d),
('j15tas73l227k1omua4j7b5n4ag92kv5', '127.0.0.1', 1612687386, 0x5f5f63695f6c6173745f726567656e65726174657c693a313631323638373338363b6361706368615f776f72647c693a38383433333b757365727c4f3a383a22737464436c617373223a323a7b733a323a226964223b733a313a2231223b733a393a22757365725f6e616d65223b733a373a22657363616c6f6e223b7d),
('91f7ntdfom6e8em4rbjj0a8jqmr6lhq7', '127.0.0.1', 1612686844, 0x5f5f63695f6c6173745f726567656e65726174657c693a313631323638363834343b6361706368615f776f72647c693a33303239343b757365727c4f3a383a22737464436c617373223a323a7b733a323a226964223b733a313a2231223b733a393a22757365725f6e616d65223b733a373a22657363616c6f6e223b7d),
('pq7k3lj2gf1vjikcspsm50l7uq4nurq6', '127.0.0.1', 1612686519, 0x5f5f63695f6c6173745f726567656e65726174657c693a313631323638363531393b6361706368615f776f72647c693a36363731343b757365727c4f3a383a22737464436c617373223a323a7b733a323a226964223b733a313a2231223b733a393a22757365725f6e616d65223b733a373a22657363616c6f6e223b7d),
('27t7oq2s9rdogk452lcekm44j2nu8ae1', '127.0.0.1', 1612684125, 0x5f5f63695f6c6173745f726567656e65726174657c693a313631323638343132353b6361706368615f776f72647c693a38333736333b757365727c4f3a383a22737464436c617373223a323a7b733a323a226964223b733a313a2231223b733a393a22757365725f6e616d65223b733a373a22657363616c6f6e223b7d),
('e5bk1pngrqpi3a9kj59pp51ik9heqift', '127.0.0.1', 1612683779, 0x5f5f63695f6c6173745f726567656e65726174657c693a313631323638333737393b6361706368615f776f72647c693a37363939313b757365727c4f3a383a22737464436c617373223a323a7b733a323a226964223b733a313a2231223b733a393a22757365725f6e616d65223b733a373a22657363616c6f6e223b7d),
('0qfdc6pvjq2j55ec4mf6aad3lak08bag', '127.0.0.1', 1612683448, 0x5f5f63695f6c6173745f726567656e65726174657c693a313631323638333434383b6361706368615f776f72647c693a38323831333b757365727c4f3a383a22737464436c617373223a323a7b733a323a226964223b733a313a2231223b733a393a22757365725f6e616d65223b733a373a22657363616c6f6e223b7d),
('oafrgf50qvujgl79pjpr33jhjspanub7', '127.0.0.1', 1612679427, 0x5f5f63695f6c6173745f726567656e65726174657c693a313631323637393432373b6361706368615f776f72647c693a35373639343b),
('vrtrlgjhsfuenm8vikvr26jjh2n9gr33', '127.0.0.1', 1612679071, 0x5f5f63695f6c6173745f726567656e65726174657c693a313631323637393037313b6361706368615f776f72647c693a32353132303b),
('46ltsjcojhp75p4qqi5firk8rhm06c37', '127.0.0.1', 1612678342, 0x5f5f63695f6c6173745f726567656e65726174657c693a313631323637383334323b6361706368615f776f72647c693a36383539303b),
('0s3p62npgha0nbjspa3e3j0osk134aau', '127.0.0.1', 1612678759, 0x5f5f63695f6c6173745f726567656e65726174657c693a313631323637383735393b6361706368615f776f72647c693a36323437373b),
('39lffmjj7ce1i4aobo605iavqi457k7j', '127.0.0.1', 1612675543, 0x5f5f63695f6c6173745f726567656e65726174657c693a313631323637353534333b6361706368615f776f72647c693a37343631313b),
('hritnga505k3j4e9gsh95u2150nohmst', '127.0.0.1', 1612637310, 0x5f5f63695f6c6173745f726567656e65726174657c693a313631323633373331303b6361706368615f776f72647c693a31353531313b),
('rmvu4r7tn5gp5i0gbg447l4j769vs6c8', '127.0.0.1', 1612635261, 0x5f5f63695f6c6173745f726567656e65726174657c693a313631323633353236313b6361706368615f776f72647c693a39373536323b),
('c385jo693btn1s2b0gs1jrms6ompl1fa', '127.0.0.1', 1612637310, 0x5f5f63695f6c6173745f726567656e65726174657c693a313631323633373331303b6361706368615f776f72647c693a38363135323b),
('t8eno5esijq00bgsvivtac5tdqipb8g8', '::1', 1607942913, 0x5f5f63695f6c6173745f726567656e65726174657c693a313630373934323831393b6361706368615f776f72647c693a37313130323b757365727c4f3a383a22737464436c617373223a323a7b733a323a226964223b733a313a2231223b733a393a22757365725f6e616d65223b733a353a2261646d696e223b7d),
('uae5su6ehla9u71rptvk574q6t7ilpps', '::1', 1607935382, 0x5f5f63695f6c6173745f726567656e65726174657c693a313630373933353039313b6361706368615f776f72647c693a31353136393b757365727c4f3a383a22737464436c617373223a323a7b733a323a226964223b733a313a2231223b733a393a22757365725f6e616d65223b733a353a2261646d696e223b7d),
('r6js8rhsdaa1drclf84oimob3ui1lqgg', '::1', 1607935091, 0x5f5f63695f6c6173745f726567656e65726174657c693a313630373933353039313b6361706368615f776f72647c693a31353136393b757365727c4f3a383a22737464436c617373223a323a7b733a323a226964223b733a313a2231223b733a393a22757365725f6e616d65223b733a353a2261646d696e223b7d),
('jt9p3aov7olj2anm5olru3hhg6rfj57d', '::1', 1607934780, 0x5f5f63695f6c6173745f726567656e65726174657c693a313630373933343738303b6361706368615f776f72647c693a31353136393b757365727c4f3a383a22737464436c617373223a323a7b733a323a226964223b733a313a2231223b733a393a22757365725f6e616d65223b733a353a2261646d696e223b7d),
('n93do7a68df904tknr3quj3rt7qji71m', '::1', 1607934474, 0x5f5f63695f6c6173745f726567656e65726174657c693a313630373933343437343b6361706368615f776f72647c693a31353136393b757365727c4f3a383a22737464436c617373223a323a7b733a323a226964223b733a313a2231223b733a393a22757365725f6e616d65223b733a353a2261646d696e223b7d),
('8ghsnj74enmji81lct4nvndu2qcvhmfu', '::1', 1607863117, 0x5f5f63695f6c6173745f726567656e65726174657c693a313630373836333035393b6361706368615f776f72647c693a37353136353b757365727c4f3a383a22737464436c617373223a323a7b733a323a226964223b733a313a2231223b733a393a22757365725f6e616d65223b733a353a2261646d696e223b7d),
('9hevrsufp54slnn3ve605sgqulc3ruhk', '::1', 1607862641, 0x5f5f63695f6c6173745f726567656e65726174657c693a313630373836323634313b6361706368615f776f72647c693a32323937313b757365727c4f3a383a22737464436c617373223a323a7b733a323a226964223b733a313a2231223b733a393a22757365725f6e616d65223b733a353a2261646d696e223b7d),
('3kb5dei8hebblj55eecdjmaepqjq3np0', '::1', 1607863059, 0x5f5f63695f6c6173745f726567656e65726174657c693a313630373836333035393b6361706368615f776f72647c693a31363739343b757365727c4f3a383a22737464436c617373223a323a7b733a323a226964223b733a313a2231223b733a393a22757365725f6e616d65223b733a353a2261646d696e223b7d),
('oshf64pnf55bqvef87ht4kbi5lakf9ki', '::1', 1607862280, 0x5f5f63695f6c6173745f726567656e65726174657c693a313630373836323238303b6361706368615f776f72647c693a34363834383b757365727c4f3a383a22737464436c617373223a323a7b733a323a226964223b733a313a2231223b733a393a22757365725f6e616d65223b733a353a2261646d696e223b7d),
('2ec48fa65rrrklio14ma4b7rl9p4bd43', '::1', 1607857881, 0x5f5f63695f6c6173745f726567656e65726174657c693a313630373835373838313b6361706368615f776f72647c693a36303538343b757365727c4f3a383a22737464436c617373223a323a7b733a323a226964223b733a313a2231223b733a393a22757365725f6e616d65223b733a353a2261646d696e223b7d),
('tmkcpancmvcaqpbgf4p6dlkjnqrr4t1n', '::1', 1607857552, 0x5f5f63695f6c6173745f726567656e65726174657c693a313630373835373535323b6361706368615f776f72647c693a38383037353b757365727c4f3a383a22737464436c617373223a323a7b733a323a226964223b733a313a2231223b733a393a22757365725f6e616d65223b733a353a2261646d696e223b7d737563636573737c733a32373a225265636f72642075706461746564205375636365737366756c6c79223b5f5f63695f766172737c613a313a7b733a373a2273756363657373223b733a333a226e6577223b7d),
('lq776p5q0ost0s3r2jjulb3humnjenha', '::1', 1607856730, 0x5f5f63695f6c6173745f726567656e65726174657c693a313630373835363733303b6361706368615f776f72647c693a38383037353b757365727c4f3a383a22737464436c617373223a323a7b733a323a226964223b733a313a2231223b733a393a22757365725f6e616d65223b733a353a2261646d696e223b7d737563636573737c733a32373a225265636f72642075706461746564205375636365737366756c6c79223b5f5f63695f766172737c613a313a7b733a373a2273756363657373223b733a333a226e6577223b7d),
('89ju0q3ttq98gtactsabsvf6oi1tqf7r', '::1', 1607856355, 0x5f5f63695f6c6173745f726567656e65726174657c693a313630373835363335353b6361706368615f776f72647c693a38383037353b757365727c4f3a383a22737464436c617373223a323a7b733a323a226964223b733a313a2231223b733a393a22757365725f6e616d65223b733a353a2261646d696e223b7d),
('c07dblrho1rbkuchr1tgk61e23f5ofto', '::1', 1607855923, 0x5f5f63695f6c6173745f726567656e65726174657c693a313630373835353932333b6361706368615f776f72647c693a38383037353b757365727c4f3a383a22737464436c617373223a323a7b733a323a226964223b733a313a2231223b733a393a22757365725f6e616d65223b733a353a2261646d696e223b7d),
('2h54hajs7e8cs0q4nfqbfjjahs84vtm8', '::1', 1607855616, 0x5f5f63695f6c6173745f726567656e65726174657c693a313630373835353631363b6361706368615f776f72647c693a38383037353b757365727c4f3a383a22737464436c617373223a323a7b733a323a226964223b733a313a2231223b733a393a22757365725f6e616d65223b733a353a2261646d696e223b7d),
('bdm9vm69jpe5hln9q9or22on25blt64p', '::1', 1607852598, 0x5f5f63695f6c6173745f726567656e65726174657c693a313630373835323539383b6361706368615f776f72647c693a38383037353b757365727c4f3a383a22737464436c617373223a323a7b733a323a226964223b733a313a2231223b733a393a22757365725f6e616d65223b733a353a2261646d696e223b7d),
('l7cugfppn2emhb7pbaiihqtplbar2t22', '::1', 1607852906, 0x5f5f63695f6c6173745f726567656e65726174657c693a313630373835323930363b6361706368615f776f72647c693a38383037353b757365727c4f3a383a22737464436c617373223a323a7b733a323a226964223b733a313a2231223b733a393a22757365725f6e616d65223b733a353a2261646d696e223b7d),
('rbb9tfkbiah74iekbm9s87t91o24abc4', '::1', 1607853214, 0x5f5f63695f6c6173745f726567656e65726174657c693a313630373835333231343b6361706368615f776f72647c693a38383037353b757365727c4f3a383a22737464436c617373223a323a7b733a323a226964223b733a313a2231223b733a393a22757365725f6e616d65223b733a353a2261646d696e223b7d),
('c5t0vvjd597t2bdrmmcnj6f52ilrhp36', '::1', 1607853584, 0x5f5f63695f6c6173745f726567656e65726174657c693a313630373835333538343b6361706368615f776f72647c693a38383037353b757365727c4f3a383a22737464436c617373223a323a7b733a323a226964223b733a313a2231223b733a393a22757365725f6e616d65223b733a353a2261646d696e223b7d),
('q9g69aeagr95tlu3fprjoq08decnrlcb', '127.0.0.1', 1612713377, 0x5f5f63695f6c6173745f726567656e65726174657c693a313631323731333337373b6361706368615f776f72647c693a35333630353b757365727c4f3a383a22737464436c617373223a323a7b733a323a226964223b733a313a2231223b733a393a22757365725f6e616d65223b733a373a22657363616c6f6e223b7d),
('oc4ru8nolo263c2p666ksl1423s3d3vg', '127.0.0.1', 1612714023, 0x5f5f63695f6c6173745f726567656e65726174657c693a313631323731343032333b6361706368615f776f72647c693a35333630353b757365727c4f3a383a22737464436c617373223a323a7b733a323a226964223b733a313a2231223b733a393a22757365725f6e616d65223b733a373a22657363616c6f6e223b7d),
('eo0vhgjpq5ipqf1pi16q3q2t4sauv37l', '127.0.0.1', 1612714421, 0x5f5f63695f6c6173745f726567656e65726174657c693a313631323731343432313b6361706368615f776f72647c693a35333630353b757365727c4f3a383a22737464436c617373223a323a7b733a323a226964223b733a313a2231223b733a393a22757365725f6e616d65223b733a373a22657363616c6f6e223b7d),
('mth9lqq0h22c0kqqdv3n9msjsc29q912', '127.0.0.1', 1612714723, 0x5f5f63695f6c6173745f726567656e65726174657c693a313631323731343732333b6361706368615f776f72647c693a35333630353b757365727c4f3a383a22737464436c617373223a323a7b733a323a226964223b733a313a2231223b733a393a22757365725f6e616d65223b733a373a22657363616c6f6e223b7d),
('er1f062c9sorhjme775iq86p7s7a5d3r', '127.0.0.1', 1612715409, 0x5f5f63695f6c6173745f726567656e65726174657c693a313631323731353430393b6361706368615f776f72647c693a35333630353b757365727c4f3a383a22737464436c617373223a323a7b733a323a226964223b733a313a2231223b733a393a22757365725f6e616d65223b733a373a22657363616c6f6e223b7d),
('1amemgiltf8u8fvrcraliepd93h2v06m', '127.0.0.1', 1612716186, 0x5f5f63695f6c6173745f726567656e65726174657c693a313631323731363138363b6361706368615f776f72647c693a34383539343b757365727c4f3a383a22737464436c617373223a323a7b733a323a226964223b733a313a2231223b733a393a22757365725f6e616d65223b733a373a22657363616c6f6e223b7d),
('2n9raqltjp7p5hi90gh8nmurjvtghgba', '127.0.0.1', 1612716265, 0x5f5f63695f6c6173745f726567656e65726174657c693a313631323731363138363b6361706368615f776f72647c693a32323932393b757365727c4f3a383a22737464436c617373223a323a7b733a323a226964223b733a313a2231223b733a393a22757365725f6e616d65223b733a373a22657363616c6f6e223b7d);

-- --------------------------------------------------------

--
-- Table structure for table `swdh_personal_info`
--

DROP TABLE IF EXISTS `swdh_personal_info`;
CREATE TABLE IF NOT EXISTS `swdh_personal_info` (
  `id` int(11) NOT NULL AUTO_INCREMENT,
  `first_name` varchar(255) NOT NULL,
  `last_name` varchar(255) NOT NULL,
  `street` varchar(255) NOT NULL,
  `city` varchar(255) NOT NULL,
  `zip` bigint(20) UNSIGNED NOT NULL,
  `state` varchar(255) NOT NULL,
  `phone` varchar(13) NOT NULL,
  `email` varchar(255) NOT NULL,
  `lat` float NOT NULL,
  `lan` float NOT NULL,
  `registration_date` timestamp NOT NULL DEFAULT CURRENT_TIMESTAMP ON UPDATE CURRENT_TIMESTAMP,
  PRIMARY KEY (`id`)
) ENGINE=MyISAM AUTO_INCREMENT=6 DEFAULT CHARSET=latin1;

--
-- Dumping data for table `swdh_personal_info`
--

INSERT INTO `swdh_personal_info` (`id`, `first_name`, `last_name`, `street`, `city`, `zip`, `state`, `phone`, `email`, `lat`, `lan`, `registration_date`) VALUES
(1, 'Swarna', 'Dhar', '11pound road', 'berhampore', 742103, 'west bengal', '9007291400', 'bapay.9@gmail.com', 0, 0, '2021-02-07 12:37:44'),
(2, 'Swarna sekhar', 'Dhar', '12 manujendra dutta road gorabazar', 'kolkata', 700028, 'west bengal', '9007291400', 'bapay.9@gmail.com', 22.5183, 88.363, '2021-02-07 14:30:15'),
(3, 'MAMATA RAJBANSHI  ', 'Dhar', '12 manujendra dutta road gorabazar', 'kolkata', 700028, 'west bengal', '7889765455', 'bapay.9@gmail.com', 22.5183, 88.363, '2021-02-07 14:40:40'),
(4, 'saswata', 'ganguli', '(SVEPL Building) Co Developer Quark City Phase 8 B, Industrial Area, Sector 75', 'mohali', 160059, 'Punjab ', '7889765455', 'bapay.9@gmail.com', 0, 0, '2021-02-07 16:34:03'),
(5, 'Swarna', 'Dhar', '(SVEPL Building) Co Developer Quark City Phase 8 B, Industrial Area, Sector 75', 'mohali', 160059, 'Punjab', '7889765455', 'bapay.9@gmail.com', 30.6975, 76.7152, '2021-02-07 16:44:02');

-- --------------------------------------------------------

--
-- Table structure for table `swdh_score`
--

DROP TABLE IF EXISTS `swdh_score`;
CREATE TABLE IF NOT EXISTS `swdh_score` (
  `id` int(11) NOT NULL AUTO_INCREMENT,
  `personnel_id` int(10) UNSIGNED NOT NULL,
  `skill_id` int(10) UNSIGNED NOT NULL,
  `score` int(1) NOT NULL,
  `time_updated` timestamp NOT NULL DEFAULT CURRENT_TIMESTAMP ON UPDATE CURRENT_TIMESTAMP,
  PRIMARY KEY (`id`),
  KEY `pk_catKey` (`personnel_id`),
  KEY `sk_skillKey` (`skill_id`)
) ENGINE=MyISAM AUTO_INCREMENT=35 DEFAULT CHARSET=latin1;

--
-- Dumping data for table `swdh_score`
--

INSERT INTO `swdh_score` (`id`, `personnel_id`, `skill_id`, `score`, `time_updated`) VALUES
(1, 1, 1, 5, '2021-02-07 12:37:44'),
(2, 1, 2, 4, '2021-02-07 12:37:44'),
(3, 1, 3, 3, '2021-02-07 12:37:44'),
(4, 1, 4, 3, '2021-02-07 12:37:44'),
(5, 1, 5, 3, '2021-02-07 12:37:44'),
(6, 2, 1, 5, '2021-02-07 14:30:15'),
(7, 2, 2, 5, '2021-02-07 14:30:15'),
(8, 2, 3, 2, '2021-02-07 14:30:15'),
(9, 2, 4, 2, '2021-02-07 14:30:15'),
(10, 2, 5, 1, '2021-02-07 14:30:15'),
(11, 3, 6, 2, '2021-02-07 14:40:40'),
(12, 3, 7, 2, '2021-02-07 14:40:40'),
(13, 3, 8, 4, '2021-02-07 14:40:40'),
(14, 3, 9, 2, '2021-02-07 14:40:40'),
(15, 4, 1, 4, '2021-02-07 16:34:03'),
(16, 4, 2, 4, '2021-02-07 16:34:03'),
(17, 4, 3, 4, '2021-02-07 16:34:03'),
(18, 4, 4, 4, '2021-02-07 16:34:03'),
(19, 4, 5, 4, '2021-02-07 16:34:03'),
(20, 4, 6, 4, '2021-02-07 16:34:03'),
(21, 4, 7, 4, '2021-02-07 16:34:03'),
(22, 4, 8, 4, '2021-02-07 16:34:03'),
(23, 4, 9, 3, '2021-02-07 16:34:03'),
(24, 4, 11, 4, '2021-02-07 16:34:03'),
(25, 4, 12, 4, '2021-02-07 16:34:03'),
(26, 4, 13, 4, '2021-02-07 16:34:03'),
(27, 4, 10, 4, '2021-02-07 16:34:03'),
(28, 4, 14, 4, '2021-02-07 16:34:03'),
(29, 4, 15, 4, '2021-02-07 16:34:03'),
(30, 4, 16, 4, '2021-02-07 16:34:03'),
(31, 5, 6, 3, '2021-02-07 16:44:02'),
(32, 5, 7, 4, '2021-02-07 16:44:02'),
(33, 5, 8, 4, '2021-02-07 16:44:02'),
(34, 5, 9, 3, '2021-02-07 16:44:02');

-- --------------------------------------------------------

--
-- Table structure for table `swdh_skills`
--

DROP TABLE IF EXISTS `swdh_skills`;
CREATE TABLE IF NOT EXISTS `swdh_skills` (
  `id` int(11) NOT NULL AUTO_INCREMENT,
  `category_id` int(11) NOT NULL,
  `name` varchar(255) NOT NULL,
  `status` tinyint(1) NOT NULL,
  `time_updated` timestamp NOT NULL DEFAULT CURRENT_TIMESTAMP ON UPDATE CURRENT_TIMESTAMP,
  PRIMARY KEY (`id`)
) ENGINE=MyISAM AUTO_INCREMENT=17 DEFAULT CHARSET=latin1;

--
-- Dumping data for table `swdh_skills`
--

INSERT INTO `swdh_skills` (`id`, `category_id`, `name`, `status`, `time_updated`) VALUES
(1, 1, 'php', 1, '2021-02-07 05:54:04'),
(2, 1, 'JavaScript', 1, '2021-02-07 05:54:04'),
(3, 1, 'Ruby', 1, '2021-02-07 05:54:04'),
(4, 1, 'ASP', 1, '2021-02-07 05:54:04'),
(5, 1, 'Perl', 1, '2021-02-07 05:54:04'),
(6, 2, 'C', 1, '2021-02-07 05:55:21'),
(7, 2, 'C++', 1, '2021-02-07 05:55:21'),
(8, 2, 'Java', 1, '2021-02-07 05:55:21'),
(9, 2, 'Delphi', 1, '2021-02-07 05:55:21'),
(10, 3, 'MySQL', 1, '2021-02-07 05:57:09'),
(11, 3, 'MSSQL', 1, '2021-02-07 05:57:09'),
(12, 3, 'Oracle', 1, '2021-02-07 05:57:09'),
(13, 3, 'PostgreSQL', 1, '2021-02-07 05:57:09'),
(14, 4, 'Communication', 1, '2021-02-07 05:59:42'),
(15, 4, 'Leadership', 1, '2021-02-07 05:59:42'),
(16, 4, 'Diligence', 1, '2021-02-07 05:59:42');

-- --------------------------------------------------------

--
-- Table structure for table `swdh_users`
--

DROP TABLE IF EXISTS `swdh_users`;
CREATE TABLE IF NOT EXISTS `swdh_users` (
  `id` int(11) NOT NULL AUTO_INCREMENT,
  `user_name` varchar(255) NOT NULL,
  `password` varchar(255) NOT NULL,
  `date_updated` timestamp NOT NULL DEFAULT CURRENT_TIMESTAMP ON UPDATE CURRENT_TIMESTAMP,
  PRIMARY KEY (`id`)
) ENGINE=MyISAM AUTO_INCREMENT=2 DEFAULT CHARSET=latin1;

--
-- Dumping data for table `swdh_users`
--

INSERT INTO `swdh_users` (`id`, `user_name`, `password`, `date_updated`) VALUES
(1, 'escalon', '1c88fa81ac341cb68db9bc3af547b0eae7181968', '2021-02-06 18:21:27');
COMMIT;

/*!40101 SET CHARACTER_SET_CLIENT=@OLD_CHARACTER_SET_CLIENT */;
/*!40101 SET CHARACTER_SET_RESULTS=@OLD_CHARACTER_SET_RESULTS */;
/*!40101 SET COLLATION_CONNECTION=@OLD_COLLATION_CONNECTION */;
